City_ID,City,Country,Date,Lat,Lng,Max Temp,Humidity,Cloudiness,Wind Speed
0,Hobart,AU,2021-07-24 21:47:15,-42.8794,147.3294,45.27,70,75,3.0
1,Mount Pleasant,US,2021-07-24 21:46:02,32.7941,-79.8626,88.0,62,1,1.01
2,Viedma,AR,2021-07-24 21:50:26,-40.8135,-62.9967,45.5,63,100,10.11
3,Jamestown,US,2021-07-24 21:50:31,42.097,-79.2353,74.52,88,90,5.01
4,Tiarei,PF,2021-07-24 21:50:31,-17.5333,-149.3333,80.62,73,34,10.0
5,Khatanga,RU,2021-07-24 21:50:32,71.9667,102.5,56.43,62,57,17.52
6,Arraial Do Cabo,BR,2021-07-24 21:50:32,-22.9661,-42.0278,69.76,68,0,16.11
7,Yumen,CN,2021-07-24 21:50:33,40.2833,97.2,73.33,51,44,4.85
8,Port Washington,US,2021-07-24 21:50:33,40.8257,-73.6982,82.44,55,75,4.0
9,Talnakh,RU,2021-07-24 21:50:34,69.4865,88.3972,48.54,91,100,0.34
10,Great Bend,US,2021-07-24 21:50:34,38.3645,-98.7648,100.45,39,20,1.01
11,Grindavik,IS,2021-07-24 21:50:34,63.8424,-22.4338,51.75,87,75,11.5
12,Kaitangata,NZ,2021-07-24 21:50:35,-46.2817,169.8464,42.93,51,83,4.09
13,Yulara,AU,2021-07-24 21:50:35,-25.2406,130.9889,35.44,75,33,4.61
14,New Norfolk,AU,2021-07-24 21:50:36,-42.7826,147.0587,44.92,74,82,1.99
15,Burns Lake,CA,2021-07-24 21:46:59,54.2331,-125.7533,65.62,38,95,10.22
16,Vostok,RU,2021-07-24 21:50:36,46.4856,135.8833,78.17,68,78,1.57
17,Vardo,NO,2021-07-24 21:50:37,70.3705,31.1107,46.06,84,99,27.92
18,Vaini,TO,2021-07-24 21:50:37,-21.2,-175.2,78.96,94,20,4.61
19,Margate,GB,2021-07-24 21:50:37,51.3813,1.3862,66.31,89,100,1.99
20,Faya,SA,2021-07-24 21:50:37,18.3851,42.4509,66.31,68,67,3.11
21,Ekhabi,RU,2021-07-24 21:50:38,53.5102,142.9671,67.69,94,96,9.48
22,Mataura,NZ,2021-07-24 21:50:38,-46.1927,168.8643,45.48,83,100,3.69
23,Siniscola,IT,2021-07-24 21:50:39,40.5719,9.6922,78.35,66,38,8.75
24,Iqaluit,CA,2021-07-24 21:49:07,63.7506,-68.5145,47.93,70,90,15.99
25,Port Elizabeth,ZA,2021-07-24 21:48:20,-33.918,25.5701,53.89,76,40,4.61
26,Fairbanks,US,2021-07-24 21:50:02,64.8378,-147.7164,64.4,71,90,5.99
27,Concarneau,FR,2021-07-24 21:46:02,47.875,-3.9225,64.06,95,23,10.0
28,Bethel,US,2021-07-24 21:50:39,41.3712,-73.414,81.36,58,1,8.05
29,Busselton,AU,2021-07-24 21:50:40,-33.65,115.3333,57.09,71,98,16.96
30,Punta Arenas,CL,2021-07-24 21:50:40,-53.15,-70.9167,41.11,75,75,11.5
31,Kruisfontein,ZA,2021-07-24 21:50:41,-34.0033,24.7314,47.25,43,4,8.57
32,Mwinilunga,ZM,2021-07-24 21:50:41,-11.7358,24.4293,60.1,61,11,9.35
33,Port Macquarie,AU,2021-07-24 21:50:41,-31.4333,152.9167,58.89,54,2,12.91
34,Boulsa,BF,2021-07-24 21:50:42,12.6675,-0.5758,80.73,62,98,8.16
35,Havoysund,NO,2021-07-24 21:50:42,70.9963,24.6622,45.48,83,100,21.18
36,Catarman,PH,2021-07-24 21:50:43,12.4989,124.6377,81.25,81,64,14.25
37,Eirunepe,BR,2021-07-24 21:50:43,-6.6603,-69.8736,87.57,48,31,1.5
38,Belmonte,BR,2021-07-24 21:50:43,-15.8631,-38.8828,73.9,62,88,10.78
39,Zhoucun,CN,2021-07-24 21:50:44,36.8167,117.8167,78.75,72,10,3.2
40,Lebu,CL,2021-07-24 21:50:44,-37.6167,-73.65,51.22,80,99,17.67
41,San Jeronimo,PE,2021-07-24 21:50:45,-11.9472,-75.2829,59.74,35,37,7.7
42,Kalmunai,LK,2021-07-24 21:50:45,7.4167,81.8167,81.16,70,100,6.64
43,Nemuro,JP,2021-07-24 21:50:45,43.3236,145.575,63.45,97,90,8.61
44,Beidao,CN,2021-07-24 21:50:46,34.5686,105.8933,68.97,92,66,1.81
45,Kokstad,ZA,2021-07-24 21:50:46,-30.5472,29.4241,33.15,88,0,4.43
46,East London,ZA,2021-07-24 21:50:46,-33.0153,27.9116,55.02,68,0,14.43
47,Usinsk,RU,2021-07-24 21:50:47,65.9939,57.5281,41.47,87,90,9.35
48,Kodiak,US,2021-07-24 21:50:47,57.79,-152.4072,58.51,82,75,8.05
49,Ushuaia,AR,2021-07-24 21:50:47,-54.8,-68.3,38.86,87,75,3.44
50,Sorland,NO,2021-07-24 21:50:48,67.667,12.6934,52.45,95,100,14.63
51,Guerrero Negro,MX,2021-07-24 21:50:48,27.9769,-114.0611,77.4,62,100,14.32
52,Cherskiy,RU,2021-07-24 21:50:48,68.75,161.3,50.74,65,85,3.53
53,Illela,NG,2021-07-24 21:50:49,13.7292,5.2975,84.22,58,38,11.27
54,Barrow,US,2021-07-24 21:50:49,71.2906,-156.7887,42.82,87,90,3.44
55,Longyearbyen,SJ,2021-07-24 21:50:49,78.2186,15.6401,41.29,85,100,0.76
56,Lebowakgomo,ZA,2021-07-24 21:50:50,-24.2,29.5,41.9,81,0,4.54
57,Castro,BR,2021-07-24 21:50:50,-24.7911,-50.0119,55.56,71,0,3.56
58,Sao Filipe,CV,2021-07-24 21:50:50,14.8961,-24.4956,74.48,74,64,9.8
59,Hualmay,PE,2021-07-24 21:50:51,-11.0964,-77.6139,65.26,77,29,7.4
60,Vila Velha,BR,2021-07-24 21:50:51,-20.3297,-40.2925,71.55,64,20,5.75
61,Butaritari,KI,2021-07-24 21:50:51,3.0707,172.7902,83.57,74,86,14.63
62,Hay River,CA,2021-07-24 21:50:52,60.8156,-115.7999,53.58,66,75,11.5
63,Atuona,PF,2021-07-24 21:50:52,-9.8,-139.0333,78.84,69,37,16.82
64,Tasiilaq,GL,2021-07-24 21:50:52,65.6145,-37.6368,38.07,98,100,5.17
65,Awbari,LY,2021-07-24 21:50:53,26.5921,12.7805,83.28,19,0,7.09
66,Agua Dulce,MX,2021-07-24 21:50:53,18.1333,-94.1333,85.01,65,74,11.05
67,Novyy Urengoy,RU,2021-07-24 21:50:53,66.0833,76.6333,53.19,95,100,8.41
68,Provideniya,RU,2021-07-24 21:50:54,64.3833,-173.3,47.35,98,100,13.73
69,Nago,JP,2021-07-24 21:50:54,26.5881,127.9761,81.03,89,94,14.05
70,Luderitz,NA,2021-07-24 21:50:55,-26.6481,15.1594,64.45,25,20,5.37
71,Upernavik,GL,2021-07-24 21:50:55,72.7868,-56.1549,40.1,83,94,5.41
72,Rikitea,PF,2021-07-24 21:50:55,-23.1203,-134.9692,69.26,54,0,1.43
73,Savannah Bight,HN,2021-07-24 21:50:56,16.45,-85.85,87.85,68,73,8.34
74,Kieta,PG,2021-07-24 21:50:56,-6.2167,155.6333,82.51,74,100,1.54
75,Chokurdakh,RU,2021-07-24 21:50:56,70.6333,147.9167,44.13,66,75,15.64
76,Broome,US,2021-07-24 21:50:57,42.2506,-75.833,81.19,62,90,4.0
77,Cape Town,ZA,2021-07-24 21:50:45,-33.9258,18.4232,52.12,81,19,2.3
78,Namatanai,PG,2021-07-24 21:50:57,-3.6667,152.4333,81.55,75,12,3.51
79,Verkhnevilyuysk,RU,2021-07-24 21:50:58,63.4453,120.3167,61.45,69,48,6.35
80,Bilma,NE,2021-07-24 21:50:58,18.6853,12.9164,90.05,41,99,15.43
81,Russellville,US,2021-07-24 21:50:58,35.2784,-93.1338,95.99,56,1,6.91
82,Trapani,IT,2021-07-24 21:50:59,37.8333,12.6667,80.89,78,0,5.75
83,Faanui,PF,2021-07-24 21:50:59,-16.4833,-151.75,77.74,72,53,10.67
84,Chuy,UY,2021-07-24 21:50:59,-33.6971,-53.4616,56.01,85,97,6.31
85,Victoria,HK,2021-07-24 21:49:56,22.2855,114.1577,82.38,92,96,4.0
86,Chabahar,IR,2021-07-24 21:51:00,25.2919,60.643,83.95,84,61,17.18
87,Orikum,AL,2021-07-24 21:51:00,40.3253,19.4714,77.18,55,0,4.41
88,Gat,IL,2021-07-24 21:51:00,31.61,34.7642,79.81,79,1,2.15
89,Maniitsoq,GL,2021-07-24 21:51:01,65.4167,-52.9,40.37,80,71,1.61
90,Cidreira,BR,2021-07-24 21:51:01,-30.1811,-50.2056,61.0,73,1,6.96
91,Rio Bueno,CL,2021-07-24 21:51:01,-40.3167,-72.9667,48.34,87,100,3.44
92,Sao Joao Da Barra,BR,2021-07-24 21:51:02,-21.6403,-41.0511,71.69,70,0,12.39
93,Kapaa,US,2021-07-24 21:51:02,22.0752,-159.319,82.72,79,75,3.0
94,Itarema,BR,2021-07-24 21:51:02,-2.9248,-39.9167,78.48,75,24,14.14
95,Mar Del Plata,AR,2021-07-24 21:51:03,-38.0023,-57.5575,51.13,60,90,10.0
96,Hermanus,ZA,2021-07-24 21:51:03,-34.4187,19.2345,51.91,56,14,5.68
97,Qaanaaq,GL,2021-07-24 21:51:04,77.484,-69.3632,41.4,67,100,2.24
98,Berlevag,NO,2021-07-24 21:51:04,70.8578,29.0864,45.1,87,100,25.93
99,Limoux,FR,2021-07-24 21:51:04,42.9167,2.1667,69.82,46,95,4.25
100,Saint-Philippe,RE,2021-07-24 21:51:04,-21.3585,55.7679,67.59,79,37,4.97
101,Albany,US,2021-07-24 21:50:31,42.6001,-73.9662,81.27,55,87,1.01
102,Nanortalik,GL,2021-07-24 21:51:05,60.1432,-45.2371,43.34,97,100,10.78
103,Inirida,CO,2021-07-24 21:51:05,3.8653,-67.9239,75.78,95,100,2.1
104,Bredasdorp,ZA,2021-07-24 21:51:06,-34.5322,20.0403,43.92,87,15,3.44
105,Ponta Do Sol,PT,2021-07-24 21:51:06,32.6667,-17.1,73.71,82,0,4.7
106,Banda Aceh,ID,2021-07-24 21:51:06,5.5577,95.3222,80.37,71,100,10.65
107,Polunochnoye,RU,2021-07-24 21:51:07,60.8697,60.4153,44.47,90,98,3.6
108,Poum,NC,2021-07-24 21:51:07,-20.2333,164.0167,72.21,78,6,4.38
109,Martapura,ID,2021-07-24 21:51:07,-3.4167,114.85,69.89,100,20,1.14
110,Paamiut,GL,2021-07-24 21:51:08,61.994,-49.6678,41.74,87,84,14.07
111,Lexington,US,2021-07-24 21:50:18,37.9887,-84.4777,87.94,46,1,1.01
112,Uyemskiy,RU,2021-07-24 21:51:08,64.4743,40.8524,51.85,76,75,4.47
113,Port Alfred,ZA,2021-07-24 21:51:08,-33.5906,26.891,53.8,71,0,17.31
114,Dores Do Indaia,BR,2021-07-24 21:51:09,-19.4633,-45.6017,63.41,43,0,2.21
115,Bluff,NZ,2021-07-24 21:51:09,-46.6,168.3333,45.81,69,100,10.07
116,Omboue,GA,2021-07-24 21:51:10,-1.5746,9.2618,73.69,75,76,6.42
117,Andippatti,IN,2021-07-24 21:51:10,9.9833,77.6333,81.99,74,35,5.5
118,Nikolskoye,RU,2021-07-24 21:51:10,59.7035,30.7861,57.02,68,42,3.98
119,Sydney,AU,2021-07-24 21:47:36,-33.8679,151.2073,52.32,55,0,1.99
120,Cabedelo,BR,2021-07-24 21:50:59,-6.9811,-34.8339,75.87,79,1,14.25
121,Cabo San Lucas,MX,2021-07-24 21:49:12,22.8909,-109.9124,98.51,66,7,12.21
122,Narsaq,GL,2021-07-24 21:51:11,60.9167,-46.05,47.35,84,70,1.86
123,Hilo,US,2021-07-24 21:50:05,19.7297,-155.09,82.11,81,90,8.05
124,Casablanca,MA,2021-07-24 21:50:00,33.5928,-7.6192,73.62,74,68,8.97
125,Sola,VU,2021-07-24 21:51:13,-13.8833,167.55,79.47,100,75,0.0
126,Yining,CN,2021-07-24 21:51:13,29.0361,114.5636,73.67,94,64,1.61
127,Tiksi,RU,2021-07-24 21:51:14,71.6872,128.8694,41.81,81,37,4.63
128,Richards Bay,ZA,2021-07-24 21:51:14,-28.783,32.0377,53.6,78,22,4.59
129,Geraldton,AU,2021-07-24 21:51:15,-28.7667,114.6,54.12,94,90,10.36
130,Takoradi,GH,2021-07-24 21:51:15,4.8845,-1.7554,74.48,82,5,7.4
131,Gizo,SB,2021-07-24 21:51:16,-8.103,156.8419,82.45,74,45,5.88
132,Caceres,ES,2021-07-24 21:51:16,39.522,-6.3748,70.21,45,25,10.71
133,Ostrovnoy,RU,2021-07-24 21:51:16,68.0531,39.5131,46.04,86,96,22.19
134,Valleyview,CA,2021-07-24 21:51:17,55.0667,-117.2859,75.02,27,38,15.19
135,Monrovia,LR,2021-07-24 21:51:17,6.3005,-10.7969,74.97,80,99,8.86
136,Bambous Virieux,MU,2021-07-24 21:51:17,-20.3428,57.7575,70.05,83,40,9.22
137,Korla,CN,2021-07-24 21:51:18,41.7597,86.1469,85.62,19,32,7.23
138,Gimli,CA,2021-07-24 21:51:18,50.6336,-96.9907,84.43,36,19,16.11
139,Kamaishi,JP,2021-07-24 21:51:19,39.2667,141.8833,76.59,79,15,3.76
140,Irece,BR,2021-07-24 21:51:19,-11.3042,-41.8558,66.07,72,85,13.02
141,Norsup,VU,2021-07-24 21:51:19,-16.0667,167.3833,81.45,77,89,5.59
142,Mitu,CO,2021-07-24 21:50:01,1.1983,-70.1733,73.74,92,100,2.89
143,Launceston,AU,2021-07-24 21:51:20,-41.45,147.1667,43.81,90,53,3.0
144,Ilulissat,GL,2021-07-24 21:51:20,69.2167,-51.1,39.04,88,92,7.58
145,Los Llanos De Aridane,ES,2021-07-24 21:51:21,28.6585,-17.9182,70.12,85,10,14.97
146,Darnah,LY,2021-07-24 21:51:21,32.767,22.6367,78.19,75,0,16.64
147,Kutum,SD,2021-07-24 21:51:21,14.2,24.6667,74.68,66,99,11.9
148,Hithadhoo,MV,2021-07-24 21:51:22,-0.6,73.0833,81.75,78,48,10.78
149,Nome,US,2021-07-24 21:51:22,64.5011,-165.4064,50.07,87,90,10.36
150,Mogadishu,SO,2021-07-24 21:51:22,2.0371,45.3438,76.3,80,15,23.22
151,Kuliyapitiya,LK,2021-07-24 21:51:23,7.4688,80.0401,78.48,89,93,6.49
152,Chapais,CA,2021-07-24 21:51:23,49.7834,-74.8492,74.98,39,100,12.35
153,Pisco,PE,2021-07-24 21:51:24,-13.7,-76.2167,66.25,68,0,17.27
154,Airai,TL,2021-07-24 21:51:24,-8.9266,125.4092,55.26,39,5,3.18
155,San Patricio,US,2021-07-24 21:51:24,28.017,-97.5169,97.02,38,0,15.66
156,Kahului,US,2021-07-24 21:51:25,20.8947,-156.47,87.82,77,40,21.85
157,Lahaina,US,2021-07-24 21:51:25,20.8783,-156.6825,87.8,88,13,8.43
158,Yellowknife,CA,2021-07-24 21:49:41,62.456,-114.3525,57.33,50,75,6.91
159,Nioki,CD,2021-07-24 21:51:26,-2.7167,17.6833,75.72,39,12,2.64
160,Opuwo,NA,2021-07-24 21:51:26,-18.0607,13.84,57.51,15,0,7.96
161,Carballo,ES,2021-07-24 21:51:26,43.213,-8.691,64.0,92,47,2.98
162,Bengkulu,ID,2021-07-24 21:51:27,-3.8004,102.2655,74.98,86,29,5.19
163,Verkhnyaya Toyma,RU,2021-07-24 21:51:27,62.2349,44.9985,47.84,75,95,4.85
164,Naze,JP,2021-07-24 21:51:28,28.3667,129.4833,79.72,92,100,23.62
165,Olutanga,PH,2021-07-24 21:51:28,7.3106,122.8464,83.07,77,86,10.38
166,Adrar,MR,2021-07-24 21:51:28,20.5022,-10.0711,93.76,25,55,8.52
167,Zhigansk,RU,2021-07-24 21:51:29,66.7697,123.3711,59.27,70,34,16.62
168,Vila Franca Do Campo,PT,2021-07-24 21:51:29,37.7167,-25.4333,72.01,91,20,6.44
169,Roma,US,2021-07-24 21:48:33,43.2128,-75.4557,81.84,54,1,8.05
170,Hasaki,JP,2021-07-24 21:51:30,35.7333,140.8333,77.4,80,0,9.66
171,Rawson,AR,2021-07-24 21:51:30,-43.3002,-65.1023,47.64,44,100,15.37
172,Gualaquiza,EC,2021-07-24 21:51:30,-3.4,-78.55,76.82,56,44,3.38
173,Salonta,RO,2021-07-24 21:51:31,46.8,21.65,68.49,52,35,5.93
174,Mangotsfield,GB,2021-07-24 21:51:31,51.4878,-2.504,66.58,86,90,9.22
175,Chemodanovka,RU,2021-07-24 21:51:32,53.2316,45.2474,61.43,42,50,2.04
176,Shingu,JP,2021-07-24 21:51:32,33.7333,135.9833,77.92,78,79,4.92
177,Bay City,US,2021-07-24 21:51:32,43.5945,-83.8889,84.69,94,90,6.91
178,Wanning,CN,2021-07-24 21:51:33,18.8003,110.3967,79.03,85,29,7.92
179,Khudaganj,IN,2021-07-24 21:51:33,28.15,79.7167,83.44,78,19,6.33
180,Liuzhou,CN,2021-07-24 21:51:33,24.3126,109.3892,77.7,88,22,3.15
181,Ribeira Grande,PT,2021-07-24 21:51:34,38.5167,-28.7,72.19,91,69,9.06
182,Chipinge,ZW,2021-07-24 21:51:34,-20.1883,32.6236,45.97,86,49,4.09
183,Rio Grande,BR,2021-07-24 21:51:34,-32.035,-52.0986,64.51,71,67,5.26
184,Kavieng,PG,2021-07-24 21:51:35,-2.5744,150.7967,82.83,75,17,9.28
185,Lagoa,PT,2021-07-24 21:51:35,39.05,-27.9833,69.84,91,49,13.8
186,Saint-Augustin,CA,2021-07-24 21:51:36,51.226,-58.6502,56.77,69,4,7.61
187,Nyandoma,RU,2021-07-24 21:51:36,61.669,40.1991,50.9,66,100,5.5
188,Bandarbeyla,SO,2021-07-24 21:51:36,9.4942,50.8122,77.04,76,31,27.58
189,Flinders,AU,2021-07-24 21:51:37,-34.5833,150.8552,51.21,60,35,8.99
190,Gamba,GA,2021-07-24 21:51:37,-2.65,10.0,70.61,84,66,4.94
191,Machico,PT,2021-07-24 21:51:38,32.7,-16.7667,73.71,78,20,19.57
192,Andenes,NO,2021-07-24 21:51:38,69.3143,16.1194,53.08,100,90,4.61
193,Brownsville,US,2021-07-24 21:49:41,25.9018,-97.4975,93.88,52,1,7.0
194,Bogo,PH,2021-07-24 21:51:39,11.0517,124.0055,80.87,74,65,13.6
195,Tuktoyaktuk,CA,2021-07-24 21:51:39,69.4541,-133.0374,64.4,48,75,14.97
196,Manuk Mangkaw,PH,2021-07-24 21:51:39,4.8,119.85,84.15,79,89,15.95
197,Quatre Cocos,MU,2021-07-24 21:51:40,-20.2078,57.7625,69.91,80,24,10.47
198,Kamenka,RU,2021-07-24 21:51:40,51.3223,42.7678,60.71,70,65,6.89
199,Bahawalpur,PK,2021-07-24 21:51:40,29.4,71.6833,97.48,41,43,4.97
200,Avarua,CK,2021-07-24 21:51:40,-21.2078,-159.775,78.85,65,19,9.22
201,Thompson,CA,2021-07-24 21:51:41,55.7435,-97.8558,69.96,64,75,11.5
202,Demyansk,RU,2021-07-24 21:51:41,57.643,32.466,55.11,69,52,3.69
203,Laguna,US,2021-07-24 21:51:41,38.421,-121.4238,106.21,27,1,1.99
204,Mana,GF,2021-07-24 21:51:42,5.6592,-53.7767,78.26,87,100,9.55
205,Mitrofanovka,RU,2021-07-24 21:51:42,49.9708,39.6939,62.37,70,30,5.14
206,Neiafu,TO,2021-07-24 21:51:42,-18.65,-173.9833,81.28,83,40,3.44
207,Buckeye,US,2021-07-24 21:50:03,33.3703,-112.5838,89.85,62,83,4.61
208,Touros,BR,2021-07-24 21:51:43,-5.1989,-35.4608,77.9,73,12,17.11
209,Edd,ER,2021-07-24 21:51:43,13.9297,41.6925,88.47,68,100,3.15
210,Dudinka,RU,2021-07-24 21:51:43,69.4058,86.1778,47.88,80,100,1.86
211,Esperance,AU,2021-07-24 21:51:44,-33.8667,121.9,49.84,80,5,17.78
212,Greenville,US,2021-07-24 21:51:44,35.6127,-77.3663,86.16,57,1,6.91
213,Sisimiut,GL,2021-07-24 21:51:45,66.9395,-53.6735,40.64,92,100,5.64
214,Ecoporanga,BR,2021-07-24 21:51:45,-18.3733,-40.8306,65.17,73,37,7.58
215,Puerto Ayora,EC,2021-07-24 21:51:45,-0.7393,-90.3518,80.56,81,24,8.99
216,Lichinga,MZ,2021-07-24 21:51:46,-13.3128,35.2406,51.89,93,75,16.11
217,Paragominas,BR,2021-07-24 21:50:29,-2.9667,-47.4833,76.86,56,96,3.47
218,Oranjemund,NA,2021-07-24 21:51:46,-28.55,16.4333,64.11,21,26,8.55
219,Lorengau,PG,2021-07-24 21:51:47,-2.0226,147.2712,82.42,73,55,5.08
220,Lujan,AR,2021-07-24 21:51:47,-34.5703,-59.105,60.04,85,100,5.21
221,Panguna,PG,2021-07-24 21:51:47,-6.3164,155.4848,75.99,74,95,0.36
222,Whitianga,NZ,2021-07-24 21:51:48,-36.8333,175.7,57.02,85,66,14.03
223,Papara,BR,2021-07-24 21:51:48,-3.9839,-38.7273,79.2,78,26,4.12
224,Snasa,NO,2021-07-24 21:51:49,64.2457,12.3778,58.55,90,82,1.3
225,Eureka,US,2021-07-24 21:51:45,40.8021,-124.1637,72.12,69,29,5.99
226,Tekari,IN,2021-07-24 21:51:49,24.9333,84.8333,80.82,81,58,8.19
227,Clyde River,CA,2021-07-24 21:51:50,70.4692,-68.5914,34.03,100,90,19.57
228,Seoul,KR,2021-07-24 21:51:50,37.5683,126.9778,80.04,81,0,3.44
229,Teguldet,RU,2021-07-24 21:51:51,57.3064,88.1667,61.07,83,89,5.1
230,Sitka,US,2021-07-24 21:51:51,57.0531,-135.33,57.09,82,90,9.22
231,Bethanien,NA,2021-07-24 21:51:51,-26.502,17.1583,49.06,17,3,6.44
232,Loa Janan,ID,2021-07-24 21:51:52,-0.583,117.095,72.48,97,86,2.28
233,Tuatapere,NZ,2021-07-24 21:51:52,-46.1333,167.6833,45.82,79,100,6.42
234,Praya,CV,2021-07-24 21:47:31,14.9215,-23.5087,77.54,61,75,11.5
235,Sinnamary,GF,2021-07-24 21:51:52,5.3833,-52.95,78.85,85,99,12.21
236,Ganzhou,CN,2021-07-24 21:51:53,28.8184,115.4327,75.25,88,9,5.75
237,Fremont,US,2021-07-24 21:50:28,37.5483,-121.9886,98.2,49,1,1.99
238,Olafsvik,IS,2021-07-24 21:51:53,64.8945,-23.7142,50.11,86,80,14.0
239,Cooma,AU,2021-07-24 21:51:54,-36.2333,149.1333,33.57,74,33,10.36
240,George Town,MY,2021-07-24 21:51:54,5.4112,100.3354,82.89,90,20,3.44
241,Benghazi,LY,2021-07-24 21:51:55,32.1167,20.0667,79.14,74,0,13.13
242,La Ronge,CA,2021-07-24 21:51:55,55.1001,-105.2842,73.65,49,40,10.36
243,Alice Springs,AU,2021-07-24 21:51:56,-23.7,133.8833,40.55,56,36,5.75
244,Khakhea,BW,2021-07-24 21:51:56,-24.6895,23.494,43.97,48,0,10.07
245,Coos Bay,US,2021-07-24 21:51:56,43.3665,-124.2179,94.86,79,90,26.46
246,Srandakan,ID,2021-07-24 21:51:57,-7.9386,110.2506,71.42,90,5,5.55
247,Tessalit,ML,2021-07-24 21:51:57,20.1986,1.0114,92.07,38,37,18.48
248,Klaksvik,FO,2021-07-24 21:51:58,62.2266,-6.589,50.92,95,82,14.47
249,Kikwit,CD,2021-07-24 21:51:58,-5.041,18.8162,76.48,30,7,0.56
250,Broken Hill,AU,2021-07-24 21:51:59,-31.95,141.4333,42.51,87,52,14.97
251,Shellbrook,CA,2021-07-24 21:51:59,53.2168,-106.4011,76.23,20,9,20.78
252,Aklavik,CA,2021-07-24 21:51:59,68.2191,-135.0107,68.83,82,75,10.36
253,Tuytepa,UZ,2021-07-24 21:51:59,41.0321,69.3625,84.54,16,0,7.25
254,Bolobo,CD,2021-07-24 21:52:00,-2.1667,16.2333,75.43,44,31,2.13
255,Barcelos,PT,2021-07-24 21:52:00,41.5388,-8.6151,65.84,95,74,1.74
256,Torbay,CA,2021-07-24 21:52:01,47.6666,-52.7314,64.58,88,41,15.99
257,Hayvoron,UA,2021-07-24 21:52:01,48.3396,29.8679,67.78,58,79,2.37
258,Wahpeton,US,2021-07-24 21:49:40,46.2652,-96.6059,90.77,30,1,8.05
259,Labuhan,ID,2021-07-24 21:52:01,-6.8844,112.2051,72.37,88,2,6.87
260,Nouadhibou,MR,2021-07-24 21:52:02,20.931,-17.0347,71.58,88,3,13.8
261,Solnechnyy,RU,2021-07-24 21:52:02,50.7214,136.6319,79.84,57,11,5.3
262,Barguzin,RU,2021-07-24 21:52:03,53.6167,109.6167,59.29,78,59,1.32
263,Marystown,CA,2021-07-24 21:52:03,47.1666,-55.1483,56.66,92,86,10.65
264,Birao,CF,2021-07-24 21:52:03,10.2849,22.7882,72.97,90,100,6.11
265,Saurimo,AO,2021-07-24 21:52:04,-9.6608,20.3916,63.5,37,0,3.18
266,Mount Gambier,AU,2021-07-24 21:52:04,-37.8333,140.7667,39.11,93,40,8.05
267,Kuito,AO,2021-07-24 21:52:05,-12.3833,16.9333,53.83,33,0,2.95
268,Nelson Bay,AU,2021-07-24 21:52:05,-32.7167,152.15,55.76,64,26,4.0
269,Tigil,RU,2021-07-24 21:52:05,57.8,158.6667,56.93,95,100,4.92
270,Pryozerne,UA,2021-07-24 21:52:06,45.2698,36.3303,74.37,60,0,11.97
271,Bangangte,CM,2021-07-24 21:52:06,5.1409,10.5198,60.85,98,88,3.8
272,Grand-Santi,GF,2021-07-24 21:52:07,4.25,-54.3833,74.32,97,95,2.86
273,Kailua,US,2021-07-24 21:52:07,21.4022,-157.7394,87.78,73,75,14.97
274,Hofn,IS,2021-07-24 21:52:07,64.2539,-15.2082,52.52,88,74,19.93
275,Camalu,MX,2021-07-24 21:52:08,30.85,-116.0667,76.42,69,100,9.69
276,Severo-Kurilsk,RU,2021-07-24 21:52:08,50.6789,156.125,56.17,93,59,1.43
277,Kihurio,TZ,2021-07-24 21:52:09,-4.4667,38.0667,65.17,76,3,5.06
278,Pelym,RU,2021-07-24 21:52:09,61.0108,61.9978,46.78,90,70,5.21
279,Meulaboh,ID,2021-07-24 21:52:09,4.1363,96.1285,76.12,86,95,2.68
280,Amarante Do Maranhao,BR,2021-07-24 21:52:10,-5.5667,-46.7422,80.69,41,50,3.56
281,Santa Rosa,PH,2021-07-24 21:52:10,14.3122,121.1114,81.91,91,100,17.69
282,Port-Gentil,GA,2021-07-24 21:52:11,-0.7193,8.7815,76.96,78,75,6.91
283,Marsa Matruh,EG,2021-07-24 21:52:11,31.3525,27.2453,79.0,65,20,13.8
284,Ovalle,CL,2021-07-24 21:52:12,-30.5983,-71.2003,53.76,68,60,2.89
285,Puerto Escondido,MX,2021-07-24 21:52:12,15.85,-97.0667,86.29,73,100,10.49
286,Raudeberg,NO,2021-07-24 21:52:12,61.9875,5.1352,58.87,91,98,3.2
287,Inhambane,MZ,2021-07-24 21:52:13,-23.865,35.3833,64.54,62,89,11.36
288,Sakassou,CI,2021-07-24 21:52:13,7.4546,-5.2926,78.48,73,97,4.79
289,Krasnoselkup,RU,2021-07-24 21:52:14,65.7,82.4667,60.3,90,94,3.6
290,Beringovskiy,RU,2021-07-24 21:52:14,63.05,179.3167,54.09,81,100,8.21
291,Henties Bay,NA,2021-07-24 21:52:15,-22.116,14.2845,69.85,36,0,7.99
292,Ulaanbaatar,MN,2021-07-24 21:51:02,47.9077,106.8832,48.33,87,0,2.24
293,Lompoc,US,2021-07-24 21:52:15,34.6391,-120.4579,89.78,69,75,13.8
294,Thinadhoo,MV,2021-07-24 21:52:15,0.5333,72.9333,82.13,78,43,8.9
295,Tocopilla,CL,2021-07-24 21:52:16,-22.092,-70.1979,64.78,70,26,14.81
296,Hamilton,US,2021-07-24 21:52:16,39.1834,-84.5333,89.22,60,20,1.99
297,Goure,NE,2021-07-24 21:52:17,13.9835,10.2704,84.02,60,31,11.34
298,Tahe,CN,2021-07-24 21:52:17,52.3333,124.7333,63.3,91,48,2.77
299,Pentecoste,BR,2021-07-24 21:52:17,-3.7928,-39.2703,79.68,60,7,6.17
300,Linxia,CN,2021-07-24 21:52:18,35.6003,103.2064,66.9,88,97,2.68
301,Lumberton,US,2021-07-24 21:52:18,34.6182,-79.0086,90.34,40,36,4.74
302,Aksu,CN,2021-07-24 21:52:18,41.1231,80.2644,81.23,39,0,2.75
303,Georgetown,MY,2021-07-24 21:52:19,5.4112,100.3354,82.89,90,20,3.44
304,Lata,PT,2021-07-24 21:52:19,40.1629,-8.3327,63.81,96,48,2.24
305,Vozrozhdeniye,RU,2021-07-24 21:52:19,44.5503,38.2136,68.25,57,0,7.81
306,Trinidad,BO,2021-07-24 21:52:20,-14.8333,-64.9,91.38,49,0,6.91
307,Salalah,OM,2021-07-24 21:52:20,17.0151,54.0924,76.96,97,97,10.96
308,Severnoye,RU,2021-07-24 21:52:21,56.3491,78.3619,64.99,89,30,3.33
309,Macenta,GN,2021-07-24 21:52:21,8.5435,-9.471,66.76,100,99,1.68
310,Muisne,EC,2021-07-24 21:52:21,0.6,-80.0333,82.51,77,100,10.0
311,Vzmorye,RU,2021-07-24 21:52:22,54.6961,20.2361,57.29,82,5,6.51
312,Lumut,MY,2021-07-24 21:52:22,4.2323,100.6298,78.82,89,40,0.0
313,Touho,NC,2021-07-24 21:52:22,-20.7833,165.2333,72.66,76,19,3.06
314,Dingle,PH,2021-07-24 21:52:23,10.9995,122.6711,78.21,86,85,13.58
315,Srednekolymsk,RU,2021-07-24 21:52:23,67.45,153.6833,53.89,56,100,15.66
316,Pittsburg,US,2021-07-24 21:52:24,38.028,-121.8847,101.46,25,1,3.0
317,Mitsamiouli,KM,2021-07-24 21:52:24,-11.3847,43.2844,75.65,73,8,23.42
318,Koubia,GN,2021-07-24 21:52:25,11.5833,-11.9,68.54,97,100,4.27
319,Bay Roberts,CA,2021-07-24 21:52:25,47.5999,-53.2648,63.03,89,61,11.39
320,Saint-Leu,RE,2021-07-24 21:52:25,-21.15,55.2833,67.06,78,58,11.68
321,Phonhong,LA,2021-07-24 21:52:26,18.5007,102.4166,73.27,98,97,1.48
322,Ahipara,NZ,2021-07-24 21:52:26,-35.1667,173.1667,58.57,78,100,14.14
323,Vestmannaeyjar,IS,2021-07-24 21:52:27,63.4427,-20.2734,51.53,90,79,12.26
324,Kargasok,RU,2021-07-24 21:52:27,59.0556,80.8572,62.28,76,5,4.83
325,Husavik,IS,2021-07-24 21:52:27,66.0449,-17.3389,60.71,93,78,8.55
326,Kapit,MY,2021-07-24 21:52:28,2.0167,112.9333,74.37,91,99,1.72
327,Saskylakh,RU,2021-07-24 21:52:28,71.9167,114.0833,60.69,53,100,6.82
328,Khudumelapye,BW,2021-07-24 21:52:29,-23.8833,24.75,42.75,44,0,9.33
329,Prince Rupert,CA,2021-07-24 21:52:29,54.3161,-130.3201,59.09,85,90,4.61
330,Flagstaff,US,2021-07-24 21:52:29,35.1981,-111.6513,76.55,57,75,8.01
331,Beloha,MG,2021-07-24 21:52:30,-25.1667,45.05,61.47,49,64,8.32
332,Ancud,CL,2021-07-24 21:52:30,-41.8697,-73.8203,45.93,77,100,3.91
333,Havre-Saint-Pierre,CA,2021-07-24 21:52:30,50.2334,-63.5986,64.76,59,1,9.22
334,Aloleng,PH,2021-07-24 21:52:31,16.1307,119.7824,82.06,82,100,18.57
335,Souillac,MU,2021-07-24 21:52:31,-20.5167,57.5167,70.18,83,40,9.22
336,San Rafael Del Sur,NI,2021-07-24 21:52:32,11.8485,-86.4384,77.97,75,100,4.81
337,Puerto Palomas,MX,2021-07-24 21:52:32,31.7667,-107.6167,74.53,32,89,12.39
338,Istok,XK,2021-07-24 21:52:32,42.7808,20.4875,67.15,64,0,3.76
339,Dikson,RU,2021-07-24 21:52:33,73.5069,80.5464,37.74,95,100,14.79
340,Port Blair,IN,2021-07-24 21:52:33,11.6667,92.75,82.08,82,100,20.07
341,Lao Cai,VN,2021-07-24 21:52:34,22.4833,103.95,75.9,97,98,1.12
342,Bassila,BJ,2021-07-24 21:52:34,9.0081,1.6654,75.07,93,100,3.29
343,Tres Arroyos,AR,2021-07-24 21:52:34,-38.3739,-60.2798,51.31,49,100,10.54
344,Katsuura,JP,2021-07-24 21:52:35,35.1333,140.3,81.1,79,4,9.55
345,Murdochville,CA,2021-07-24 21:52:35,48.9583,-65.5006,58.08,62,71,0.45
346,Jacksonville Beach,US,2021-07-24 21:52:36,30.2947,-81.3931,87.26,71,20,1.01
347,Baykit,RU,2021-07-24 21:52:36,61.67,96.37,64.11,76,6,1.77
348,Nesbyen,NO,2021-07-24 21:52:36,60.5681,9.1027,66.36,68,72,3.0
349,Norman Wells,CA,2021-07-24 21:52:37,65.282,-126.8329,68.04,40,40,13.8
350,Popondetta,PG,2021-07-24 21:52:37,-8.7537,148.2534,77.74,77,97,1.61
351,Jodar,ES,2021-07-24 21:52:38,37.8406,-3.3526,82.38,18,1,5.06
352,Humaita,BR,2021-07-24 21:52:38,-7.5061,-63.0208,87.1,47,95,3.51
353,Ismailia,EG,2021-07-24 21:52:39,30.6043,32.2723,76.5,74,0,7.38
354,Saldanha,ZA,2021-07-24 21:52:39,-33.0117,17.9442,51.85,61,35,11.81
355,Porto Novo,BJ,2021-07-24 21:52:39,6.4965,2.6036,78.62,79,93,6.93
356,Dalby,AU,2021-07-24 21:52:40,-27.1833,151.2667,52.99,59,22,1.99
357,Ukiah,US,2021-07-24 21:52:40,39.1502,-123.2078,106.52,18,1,4.61
358,Barvinkove,UA,2021-07-24 21:52:41,48.9097,37.0205,67.96,63,70,5.55
359,Cibitung,ID,2021-07-24 21:52:41,-7.119,107.1309,66.4,93,9,2.53
360,Nurota,UZ,2021-07-24 21:52:42,40.5614,65.6886,87.89,17,0,8.41
361,Borgarnes,IS,2021-07-24 21:52:42,64.5383,-21.9206,51.85,91,92,7.47
362,Grand Gaube,MU,2021-07-24 21:52:42,-20.0064,57.6608,70.2,79,6,3.0
363,Kavaratti,IN,2021-07-24 21:52:43,10.5669,72.642,82.13,80,80,20.54
364,Sibolga,ID,2021-07-24 21:52:43,1.7427,98.7792,76.42,83,100,3.42
365,Viransehir,TR,2021-07-24 21:52:43,37.2353,39.7631,81.59,26,0,5.86
366,Luwuk,ID,2021-07-24 21:52:44,-0.9516,122.7875,73.02,81,91,5.77
367,Palestine,PS,2021-07-24 21:52:44,31.9216,35.2033,71.35,91,29,5.01
368,Jalu,LY,2021-07-24 21:52:44,29.0331,21.5482,79.7,53,0,14.36
369,Tezu,IN,2021-07-24 21:52:45,27.9167,96.1667,77.58,94,99,1.36
370,Isabela,PH,2021-07-24 21:52:45,6.7085,121.9711,78.85,89,91,5.64
371,Herat,AF,2021-07-24 21:52:46,34.5,62.0,84.15,13,0,30.13
372,Pangnirtung,CA,2021-07-24 21:52:46,66.1451,-65.7125,52.59,62,100,8.75
373,Coahuayana,MX,2021-07-24 21:52:46,18.7333,-103.6833,88.56,66,37,6.15
374,Leningradskiy,RU,2021-07-24 21:52:47,69.3833,178.4167,37.24,95,100,5.08
375,Salinas,US,2021-07-24 21:52:47,36.6777,-121.6555,90.86,58,1,14.97
376,Lazaro Cardenas,MX,2021-07-24 21:52:48,17.9583,-102.2,85.48,75,50,9.75
377,Urumqi,CN,2021-07-24 21:52:48,43.801,87.6005,76.15,29,0,6.71
378,Promyshlennaya,RU,2021-07-24 21:52:48,54.9159,85.6385,65.35,96,43,5.5
379,Inyonga,TZ,2021-07-24 21:52:49,-6.7167,32.0667,65.19,48,13,10.58
380,San Pedro,PH,2021-07-24 21:49:12,14.35,121.0167,81.16,93,90,2.3
381,Shihezi,CN,2021-07-24 21:52:49,44.3,86.0333,80.1,25,0,5.82
382,Foundiougne,SN,2021-07-24 21:52:50,14.1333,-16.4667,86.05,62,72,13.11
383,Kananga,CD,2021-07-24 21:52:50,-5.8958,22.4178,78.06,30,55,1.63
384,Benin,BJ,2021-07-24 21:52:50,9.5,2.25,71.85,92,100,2.62
385,Wilmington,US,2021-07-24 21:52:51,34.2257,-77.9447,85.95,63,1,9.22
386,Xingcheng,CN,2021-07-24 21:52:51,40.6167,120.7167,75.43,88,40,7.25
387,Sambava,MG,2021-07-24 21:52:52,-14.2667,50.1667,66.83,78,77,10.45
388,Waipawa,NZ,2021-07-24 21:52:52,-41.4122,175.5153,50.63,74,2,10.04
389,Bela Crkva,RS,2021-07-24 21:52:52,44.8975,21.4172,67.08,77,0,6.91
390,Tela,HN,2021-07-24 21:52:53,15.7833,-87.45,91.62,66,40,9.22
391,Caorle,IT,2021-07-24 21:52:53,45.5966,12.8758,77.41,84,30,5.53
392,Sioux Lookout,CA,2021-07-24 21:52:54,50.1001,-91.917,79.18,41,90,16.11
393,Saint George,US,2021-07-24 21:52:54,37.1041,-113.5841,90.19,43,20,12.66
394,Nipawin,CA,2021-07-24 21:49:58,53.3668,-104.0009,78.84,38,75,16.11
395,Khash,IR,2021-07-24 21:52:55,28.2211,61.2158,79.21,49,24,7.78
396,Howard Springs,AU,2021-07-24 21:52:55,-12.497,131.047,69.82,98,78,2.75
397,Yurty,RU,2021-07-24 21:52:55,56.0498,97.6348,57.11,80,13,5.08
398,Dunedin,NZ,2021-07-24 21:52:56,-45.8742,170.5036,46.8,47,82,15.99
399,Champerico,GT,2021-07-24 21:52:56,14.3,-91.9167,95.54,72,94,5.39
400,San Carlos De Bariloche,AR,2021-07-24 21:52:56,-41.1456,-71.3082,42.55,61,40,9.22
401,Uray,RU,2021-07-24 21:52:57,60.1247,64.7758,57.72,81,67,7.72
402,Pontian Kecil,MY,2021-07-24 21:52:57,1.4801,103.3899,82.53,83,94,7.74
403,Kangasala,FI,2021-07-24 21:52:58,61.4638,24.076,59.27,71,20,5.55
404,Kungurtug,RU,2021-07-24 21:52:58,50.5994,97.5228,57.81,93,100,0.27
405,Bismil,TR,2021-07-24 21:52:58,37.8486,40.6658,78.53,18,0,3.06
406,Port Lincoln,AU,2021-07-24 21:52:59,-34.7333,135.8667,53.28,73,60,15.79
407,Livezile,RO,2021-07-24 21:52:59,47.1833,24.5667,58.84,72,70,5.1
408,Ambilobe,MG,2021-07-24 21:53:00,-13.2,49.05,63.32,82,46,3.24
409,Arica,CL,2021-07-24 21:53:00,-18.475,-70.3042,62.83,67,0,6.91
410,Seinajoki,FI,2021-07-24 21:53:00,62.7945,22.8282,59.58,53,75,3.44
411,Faranah,GN,2021-07-24 21:53:01,10.0404,-10.7434,69.26,97,93,6.64
412,Camacha,PT,2021-07-24 21:53:01,33.0833,-16.3333,69.22,73,40,11.5
413,Riyadh,SA,2021-07-24 21:50:02,24.6877,46.7219,95.14,18,0,8.77
414,Port Hedland,AU,2021-07-24 21:53:02,-20.3167,118.5667,57.25,72,29,3.44
415,Bubaque,GW,2021-07-24 21:53:02,11.2833,-15.8333,77.54,85,100,4.34
416,Ayan,RU,2021-07-24 21:53:03,56.45,138.1667,57.56,96,100,7.63
417,Hami,CN,2021-07-24 21:53:03,42.8,93.45,84.99,35,1,4.34
418,Chara,RU,2021-07-24 21:53:03,56.9064,118.2631,58.1,88,100,3.56
419,Batiano,PH,2021-07-24 21:53:04,7.5534,126.4907,77.13,70,97,4.34
420,Hervey Bay,AU,2021-07-24 21:53:02,-25.2986,152.8535,55.51,54,0,8.9
421,Stornoway,GB,2021-07-24 21:53:04,58.2093,-6.3865,59.94,94,90,4.61
422,Shaunavon,CA,2021-07-24 21:53:04,49.6501,-108.4181,83.71,16,0,5.59
423,Sedhiou,SN,2021-07-24 21:53:05,12.7081,-15.5569,78.93,83,49,6.58
424,Bosaso,SO,2021-07-24 21:53:05,11.2842,49.1816,88.66,44,87,20.58
425,Ozuluama,MX,2021-07-24 21:53:06,21.6667,-97.85,88.43,52,1,13.35
426,Highland,US,2021-07-24 21:53:06,34.1283,-117.2086,101.1,36,75,1.99
427,Nenjiang,CN,2021-07-24 21:53:06,49.1833,125.2167,67.44,97,38,9.6
428,Sobolevo,RU,2021-07-24 21:53:07,54.4299,31.8996,54.91,80,1,4.97
429,Carnarvon,AU,2021-07-24 21:53:07,-24.8667,113.6333,59.07,70,100,10.36
430,Port Antonio,JM,2021-07-24 21:53:08,18.18,-76.4612,85.95,68,62,8.37
431,Talcahuano,CL,2021-07-24 21:53:08,-36.7167,-73.1167,53.28,71,90,12.66
432,Proletariy,RU,2021-07-24 21:53:08,58.4342,31.7046,54.25,76,28,1.74
433,Coihaique,CL,2021-07-24 21:53:09,-45.5752,-72.0662,39.81,81,0,3.44
434,San Jose,US,2021-07-24 21:51:04,37.3394,-121.895,98.1,43,75,8.05
435,Malanje,AO,2021-07-24 21:53:09,-9.5402,16.341,68.76,24,0,1.52
436,Saint Simons,US,2021-07-24 21:53:10,31.1352,-81.3901,88.07,61,40,17.27
437,Scarborough,GB,2021-07-24 21:53:10,54.2797,-0.4044,60.91,84,100,6.87
438,Rengo,CL,2021-07-24 21:53:10,-34.4167,-70.8667,53.92,80,98,2.44
439,Tacuarembo,UY,2021-07-24 21:53:11,-31.7333,-55.9833,66.56,75,73,6.13
440,Lorena,BR,2021-07-24 21:53:11,-22.7308,-45.1247,69.93,49,0,5.75
441,Paramonga,PE,2021-07-24 21:53:12,-10.6667,-77.8333,65.48,77,32,7.23
442,Pakokku,MM,2021-07-24 21:53:12,21.3333,95.1,80.4,78,78,10.11
443,Tirumullaivasal,IN,2021-07-24 21:53:13,11.2333,79.8333,82.4,69,95,12.64
444,Jutai,BR,2021-07-24 21:53:13,-5.1833,-68.9,84.16,57,75,3.6
445,Maxixe,MZ,2021-07-24 21:53:13,-23.8597,35.3472,63.45,65,88,9.71
446,Rorvik,NO,2021-07-24 21:53:14,64.8621,11.2373,56.25,86,57,8.41
447,Canico,PT,2021-07-24 21:53:14,32.6333,-16.85,73.71,80,20,19.57
448,Daru,PG,2021-07-24 21:53:15,-9.0763,143.2092,77.02,90,100,11.92
449,Sur,OM,2021-07-24 21:53:15,22.5667,59.5289,89.24,61,77,9.6
450,Cayenne,GF,2021-07-24 21:49:27,4.9333,-52.3333,82.09,79,0,5.01
451,Ban Phaeo,TH,2021-07-24 21:53:15,13.5907,100.1075,80.01,78,100,6.62
452,Iquitos,PE,2021-07-24 21:51:38,-3.7481,-73.2472,87.84,62,75,5.75
453,Yarada,IN,2021-07-24 21:53:16,17.65,83.2667,82.72,94,40,2.3
454,Fenoarivo,MG,2021-07-24 21:53:16,-18.933,47.4354,57.27,82,75,8.05
455,Karratha,AU,2021-07-24 21:49:17,-20.7377,116.8463,68.9,47,100,7.81
456,Hongjiang,CN,2021-07-24 21:53:17,27.11,109.9956,71.98,99,37,3.13
457,Sindor,RU,2021-07-24 21:53:17,62.8629,51.8905,44.47,97,100,8.28
458,Nizwa,OM,2021-07-24 21:53:17,22.9333,57.5333,88.02,55,90,3.67
459,Gweru,ZW,2021-07-24 21:53:18,-19.45,29.8167,43.32,68,0,13.44
460,Ferme-Neuve,CA,2021-07-24 21:53:18,46.7001,-75.4493,74.98,52,100,10.25
461,Padang,ID,2021-07-24 21:53:19,-0.9492,100.3543,76.89,84,88,2.8
462,Soe,ID,2021-07-24 21:53:19,-9.8607,124.284,60.22,48,6,3.96
463,Nacozari,MX,2021-07-24 21:53:19,25.3366,-108.2574,98.11,54,1,14.27
464,Bagdarin,RU,2021-07-24 21:53:20,54.4333,113.6,54.66,83,71,4.25
465,Stara Vyzhivka,UA,2021-07-24 21:53:20,51.4376,24.44,64.54,71,14,4.85
466,Remontnoye,RU,2021-07-24 21:53:21,46.5614,43.6501,72.01,42,26,9.19
467,Lasa,IT,2021-07-24 21:53:21,46.6166,10.7002,68.88,93,60,3.29
468,Coro,VE,2021-07-24 21:53:21,11.4045,-69.6734,82.76,76,98,18.39
469,Bowen,AU,2021-07-24 21:49:37,-20.0167,148.2333,64.62,48,3,11.48
470,Cotonou,BJ,2021-07-24 21:53:22,6.3654,2.4183,78.78,83,20,12.66
471,Coquimbo,CL,2021-07-24 21:53:22,-29.9533,-71.3436,58.73,72,75,6.91
472,Byron Bay,AU,2021-07-24 21:50:11,-28.65,153.6167,58.95,52,0,9.75
473,Liberal,US,2021-07-24 21:53:23,37.0431,-100.921,98.74,30,40,6.91
474,San Quintin,MX,2021-07-24 21:53:23,30.4833,-115.95,73.22,71,91,11.68
475,Goderich,CA,2021-07-24 21:53:23,43.7501,-81.7165,77.92,83,100,12.66
476,Skibby,DK,2021-07-24 21:53:24,55.7512,11.9608,68.72,79,62,11.74
477,Maniwaki,CA,2021-07-24 21:53:22,46.3834,-75.966,75.74,53,100,11.5
478,Linkoping,SE,2021-07-24 21:53:24,58.4109,15.6216,70.21,68,5,2.3
479,Pacific Grove,US,2021-07-24 21:53:25,36.6177,-121.9166,90.45,76,1,1.01
480,Florianopolis,BR,2021-07-24 21:53:25,-27.6146,-48.5012,65.43,75,0,1.01
481,Mahibadhoo,MV,2021-07-24 21:53:25,3.7833,72.9667,82.27,75,97,4.5
482,Kulhudhuffushi,MV,2021-07-24 21:53:26,6.6221,73.07,81.9,74,86,12.62
483,Balkhash,KZ,2021-07-24 21:53:26,46.844,74.9804,76.24,40,2,1.81
484,Roncesvalles,CO,2021-07-24 21:53:27,4.0108,-75.6049,58.68,81,100,2.75
485,Fortuna,US,2021-07-24 21:53:27,40.5982,-124.1573,71.85,71,1,14.97
486,Cambui,BR,2021-07-24 21:53:27,-22.6122,-46.0575,59.38,46,0,1.32
487,Ranong,TH,2021-07-24 21:53:28,9.9658,98.6348,79.68,88,100,10.51
488,Tomari,RU,2021-07-24 21:53:28,47.7658,142.0683,74.41,83,73,12.59
489,Pitimbu,BR,2021-07-24 21:53:29,-7.4706,-34.8086,75.79,81,48,13.82
490,Agirish,RU,2021-07-24 21:53:29,61.9247,63.0231,45.77,87,79,7.43
491,Buala,SB,2021-07-24 21:53:29,-8.145,159.5921,80.13,85,94,11.05
492,Mehamn,NO,2021-07-24 21:53:30,71.0357,27.8492,44.53,87,100,24.47
493,Salta,AR,2021-07-24 21:49:15,-24.7859,-65.4117,77.59,31,20,11.5
494,Kirakira,SB,2021-07-24 21:53:30,-10.4544,161.9205,82.72,78,74,7.34
495,Ocampo,MX,2021-07-24 21:53:30,21.65,-101.5,74.28,51,97,4.65
496,Bayan,CN,2021-07-24 21:53:31,46.0833,127.4,72.14,91,100,4.79
497,Belomorsk,RU,2021-07-24 21:53:31,64.5232,34.7668,52.38,64,76,6.73
498,Bathurst,AU,2021-07-24 21:53:32,-33.4166,149.5806,38.82,90,99,4.0
499,Portland,US,2021-07-24 21:50:18,45.5234,-122.6762,93.63,38,1,1.99
500,Port Hardy,CA,2021-07-24 21:53:32,50.6996,-127.4199,62.78,88,75,4.61
501,Pala,TD,2021-07-24 21:53:33,9.3642,14.9046,72.34,89,33,6.04
502,Alihe,CN,2021-07-24 21:53:33,50.5667,123.7167,62.2,94,25,2.26
503,Durres,AL,2021-07-24 21:53:33,41.3231,19.4414,69.98,66,0,4.27
504,Turinskaya Sloboda,RU,2021-07-24 21:53:34,57.6232,64.3858,57.06,94,100,3.22
505,Surt,LY,2021-07-24 21:53:34,31.2089,16.5887,79.5,70,0,9.66
506,Teahupoo,PF,2021-07-24 21:53:35,-17.8333,-149.2667,75.16,73,15,9.86
507,Saint-Georges,GD,2021-07-24 21:48:48,12.0564,-61.7485,82.08,83,20,11.5
508,Zalantun,CN,2021-07-24 21:53:35,48.0,122.7167,66.54,87,0,4.83
509,Knysna,ZA,2021-07-24 21:53:35,-34.0363,23.0471,46.78,41,25,5.84
510,Barranca,PE,2021-07-24 21:53:36,-10.75,-77.7667,64.94,75,30,7.07
511,Benguela,AO,2021-07-24 21:53:36,-12.5763,13.4055,67.89,83,1,0.38
512,Ixtapa,MX,2021-07-24 21:53:37,20.7,-105.2,87.22,73,49,4.0
513,Ombessa,CM,2021-07-24 21:53:37,4.603,11.2565,67.59,99,46,5.01
514,Pedernales,DO,2021-07-24 21:53:37,18.0384,-71.744,84.6,72,78,6.35
515,Bantou,CN,2021-07-24 21:53:38,26.2151,117.4893,74.77,99,64,2.71
516,Bonthe,SL,2021-07-24 21:53:38,7.5264,-12.505,76.06,86,100,6.91
517,Mahebourg,MU,2021-07-24 21:53:39,-20.4081,57.7,70.09,83,40,9.22
518,Kihei,US,2021-07-24 21:53:39,20.785,-156.4656,87.82,78,40,21.85
519,Awash,ET,2021-07-24 21:53:40,8.9833,40.1667,71.06,83,100,11.14
520,Davenda,RU,2021-07-24 21:53:40,53.5556,119.317,57.29,98,100,3.18
521,Kawalu,ID,2021-07-24 21:53:40,-7.3817,108.2082,70.68,92,82,1.1
522,Luganville,VU,2021-07-24 21:53:41,-15.5333,167.1667,81.77,76,44,3.31
523,Rosa Zarate,EC,2021-07-24 21:53:41,0.3333,-79.4667,79.61,72,99,4.83
524,Troitskoye,RU,2021-07-24 21:53:42,52.9821,84.6757,62.47,91,80,3.09
525,Gushikawa,JP,2021-07-24 21:53:42,26.3544,127.8686,80.19,92,75,10.36
526,Sabang,ID,2021-07-24 21:53:42,5.8933,95.3214,83.21,73,100,16.55
527,Songea,TZ,2021-07-24 21:53:43,-10.6833,35.65,53.24,86,46,3.91
528,High Rock,BS,2021-07-24 21:53:43,26.6208,-78.2833,86.02,74,85,16.51
529,Te Anau,NZ,2021-07-24 21:53:43,-45.4167,167.7167,43.09,84,100,2.3
530,Fergus Falls,US,2021-07-24 21:53:44,46.283,-96.0776,85.46,32,1,11.5
531,Athens,GR,2021-07-24 21:51:42,37.9795,23.7162,80.19,42,0,1.99
532,Plettenberg Bay,ZA,2021-07-24 21:53:44,-34.0527,23.3716,52.68,41,20,5.73
533,Isiolo,KE,2021-07-24 21:53:45,0.3546,37.5822,65.14,56,69,17.05
534,Laiwu,CN,2021-07-24 21:53:45,36.1928,117.6569,73.94,81,47,2.98
535,Benjamin Aceval,PY,2021-07-24 21:53:46,-24.9667,-57.5667,86.59,35,30,6.4
536,Hambantota,LK,2021-07-24 21:53:46,6.1241,81.1185,79.14,100,75,12.66
537,Winchester,GB,2021-07-24 21:53:47,51.0651,-1.3187,65.46,83,80,1.52
538,Balikpapan,ID,2021-07-24 21:53:47,-1.2675,116.8289,79.79,89,20,8.05
539,Bahir Dar,ET,2021-07-24 21:53:47,11.5936,37.3908,60.1,97,100,4.43
540,Abu Zabad,SD,2021-07-24 21:53:48,12.35,29.25,77.65,68,91,4.76
541,Ipixuna,BR,2021-07-24 21:53:48,-1.7625,-48.8043,85.95,66,99,2.57
542,Turek,PL,2021-07-24 21:53:49,52.0155,18.5005,69.98,69,32,6.8
543,Pokhara,NP,2021-07-24 21:53:49,28.2333,83.9833,73.9,97,100,0.58
544,Isangel,VU,2021-07-24 21:53:50,-19.55,169.2667,80.71,74,75,0.0
545,Honiara,SB,2021-07-24 21:52:33,-9.4333,159.95,82.45,75,46,6.49
546,Atambua,ID,2021-07-24 21:53:50,-9.1061,124.8925,65.97,65,6,3.83
547,Kyren,RU,2021-07-24 21:53:50,51.6828,102.1408,56.46,89,89,1.25
548,College,US,2021-07-24 21:53:51,64.8569,-147.8028,64.38,72,90,5.99
549,Port Shepstone,ZA,2021-07-24 21:53:51,-30.7414,30.455,52.61,76,0,8.23
550,Arman,RU,2021-07-24 21:53:52,59.7,150.1667,55.85,95,99,6.08
551,Kumba,CM,2021-07-24 21:53:52,4.6363,9.4469,72.01,90,97,4.43
552,Skibbereen,IE,2021-07-24 21:53:52,51.55,-9.2667,62.4,90,8,2.48
553,Santa Luzia,BR,2021-07-24 21:53:53,-19.7697,-43.8514,70.7,46,0,5.75
554,Domoni,KM,2021-07-24 21:53:53,-12.2569,44.5319,75.24,73,56,16.04
555,Kano,NG,2021-07-24 21:53:54,12.0001,8.5167,78.69,78,20,12.66
556,Wewak,PG,2021-07-24 21:53:54,-3.5534,143.6268,76.8,89,100,4.21
557,Deming,US,2021-07-24 21:53:54,32.2687,-107.7586,73.29,60,90,17.27
558,Baruun-Urt,MN,2021-07-24 21:53:55,46.6806,113.2792,60.39,61,10,6.76
559,Iralaya,HN,2021-07-24 21:53:55,15.0,-83.2333,87.89,74,100,12.28
560,Beneditinos,BR,2021-07-24 21:53:56,-5.45,-42.3667,87.13,31,61,7.25
561,Praia Da Vitoria,PT,2021-07-24 21:53:56,38.7333,-27.0667,75.45,78,20,13.98
562,Ust-Kan,RU,2021-07-24 21:53:56,50.9276,84.761,53.94,92,8,2.3
563,Asau,RO,2021-07-24 21:53:57,46.4333,26.4,62.4,92,9,3.29
564,Maceio,BR,2021-07-24 21:53:57,-9.6658,-35.7353,76.44,78,75,8.05
